Position,Residue,Score,Assignment
0,M,0.209,.
1,A,0.254,.
2,A,0.292,.
3,A,0.318,.
4,G,0.342,.
5,Q,0.322,.
6,L,0.291,.
7,C,0.257,.
8,L,0.235,.
9,L,0.211,.
10,Y,0.187,.
11,L,0.167,.
12,S,0.164,.
13,A,0.169,.
14,G,0.200,.
15,L,0.226,.
16,L,0.253,.
17,S,0.279,.
18,R,0.307,.
19,L,0.331,.
20,G,0.358,.
21,A,0.379,.
22,A,0.407,.
23,F,0.421,.
24,N,0.446,.
25,L,0.463,.
26,D,0.474,.
27,T,0.478,.
28,R,0.485,.
29,E,0.485,.
30,D,0.497,.
31,N,0.500,.
32,V,0.508,E
33,I,0.503,E
34,R,0.523,E
35,K,0.533,E
36,Y,0.544,E
37,G,0.546,E
38,D,0.550,E
39,P,0.539,E
40,G,0.515,E
41,S,0.481,.
42,L,0.442,.
43,F,0.398,.
44,G,0.363,.
45,F,0.332,.
46,S,0.317,.
47,L,0.330,.
48,A,0.351,.
49,M,0.383,.
50,H,0.414,.
51,W,0.454,.
52,Q,0.485,.
53,L,0.520,E
54,Q,0.541,E
55,P,0.555,E
56,E,0.530,E
57,D,0.488,.
58,K,0.448,.
59,R,0.411,.
60,L,0.378,.
61,L,0.342,.
62,L,0.330,.
63,V,0.333,.
64,G,0.336,.
65,A,0.372,.
66,P,0.416,.
67,R,0.462,.
68,A,0.508,E
69,E,0.547,E
70,A,0.592,E
71,L,0.614,E
72,P,0.619,E
73,L,0.627,E
74,Q,0.611,E
75,R,0.590,E
76,A,0.551,E
77,N,0.511,E
78,R,0.472,.
79,T,0.444,.
80,G,0.413,.
81,G,0.381,.
82,L,0.356,.
83,Y,0.355,.
84,S,0.371,.
85,C,0.398,.
86,D,0.436,.
87,I,0.456,.
88,T,0.465,.
89,A,0.470,.
90,R,0.497,.
91,G,0.511,E
92,P,0.495,.
93,C,0.489,.
94,T,0.468,.
95,R,0.455,.
96,I,0.472,.
97,E,0.487,.
98,F,0.512,E
99,D,0.530,E
100,N,0.553,E
101,D,0.586,E
102,A,0.595,E
103,D,0.632,E
104,P,0.641,E
105,T,0.645,E
106,S,0.638,E
107,E,0.628,E
108,S,0.610,E
109,K,0.585,E
110,E,0.547,E
111,D,0.510,E
112,Q,0.454,.
113,W,0.408,.
114,M,0.359,.
115,G,0.325,.
116,V,0.301,.
117,T,0.309,.
118,V,0.316,.
119,Q,0.347,.
120,S,0.374,.
121,Q,0.407,.
122,G,0.438,.
123,P,0.457,.
124,G,0.457,.
125,G,0.450,.
126,K,0.412,.
127,V,0.386,.
128,V,0.361,.
129,T,0.354,.
130,C,0.356,.
131,A,0.369,.
132,H,0.399,.
133,R,0.451,.
134,Y,0.509,E
135,E,0.558,E
136,K,0.598,E
137,R,0.631,E
138,Q,0.661,E
139,H,0.679,E
140,V,0.682,E
141,N,0.681,E
142,T,0.666,E
143,K,0.640,E
144,Q,0.616,E
145,E,0.587,E
146,S,0.562,E
147,R,0.515,E
148,D,0.484,.
149,I,0.441,.
150,F,0.403,.
151,G,0.367,.
152,R,0.339,.
153,C,0.337,.
154,Y,0.360,.
155,V,0.376,.
156,L,0.409,.
157,S,0.437,.
158,Q,0.471,.
159,N,0.508,E
160,L,0.551,E
161,R,0.590,E
162,I,0.614,E
163,E,0.619,E
164,D,0.612,E
165,D,0.611,E
166,M,0.602,E
167,D,0.606,E
168,G,0.603,E
169,G,0.588,E
170,D,0.576,E
171,W,0.573,E
172,S,0.565,E
173,F,0.585,E
174,C,0.595,E
175,D,0.613,E
176,G,0.612,E
177,R,0.622,E
178,L,0.647,E
179,R,0.662,E
180,G,0.654,E
181,H,0.660,E
182,E,0.637,E
183,K,0.617,E
184,F,0.590,E
185,G,0.572,E
186,S,0.529,E
187,C,0.482,.
188,Q,0.432,.
189,Q,0.407,.
190,G,0.381,.
191,V,0.363,.
192,A,0.363,.
193,A,0.380,.
194,T,0.400,.
195,F,0.432,.
196,T,0.450,.
197,K,0.469,.
198,D,0.467,.
199,F,0.454,.
200,H,0.443,.
201,Y,0.418,.
202,I,0.373,.
203,V,0.350,.
204,F,0.326,.
205,G,0.325,.
206,A,0.346,.
207,P,0.377,.
208,G,0.411,.
209,T,0.455,.
210,Y,0.487,.
211,N,0.508,E
212,W,0.514,E
213,K,0.526,E
214,G,0.518,E
215,I,0.516,E
216,V,0.516,E
217,R,0.521,E
218,V,0.512,E
219,E,0.516,E
220,Q,0.534,E
221,K,0.545,E
222,N,0.550,E
223,N,0.563,E
224,T,0.557,E
225,F,0.561,E
226,F,0.565,E
227,D,0.570,E
228,M,0.586,E
229,N,0.596,E
230,I,0.607,E
231,F,0.615,E
232,E,0.633,E
233,D,0.650,E
234,G,0.639,E
235,P,0.635,E
236,Y,0.630,E
237,E,0.619,E
238,V,0.614,E
239,G,0.615,E
240,G,0.628,E
241,E,0.633,E
242,T,0.641,E
243,E,0.661,E
244,H,0.669,E
245,D,0.685,E
246,E,0.694,E
247,S,0.689,E
248,L,0.681,E
249,V,0.664,E
250,P,0.650,E
251,V,0.636,E
252,P,0.624,E
253,A,0.613,E
254,N,0.597,E
255,S,0.585,E
256,Y,0.588,E
257,L,0.584,E
258,G,0.584,E
259,L,0.571,E
260,L,0.563,E
261,F,0.554,E
262,L,0.552,E
263,T,0.552,E
264,S,0.566,E
265,V,0.565,E
266,S,0.567,E
267,Y,0.568,E
268,T,0.568,E
269,D,0.561,E
270,P,0.555,E
271,D,0.543,E
272,Q,0.538,E
273,F,0.524,E
274,V,0.528,E
275,Y,0.532,E
276,K,0.545,E
277,T,0.571,E
278,R,0.599,E
279,P,0.619,E
280,P,0.641,E
281,R,0.664,E
282,E,0.674,E
283,Q,0.665,E
284,P,0.674,E
285,D,0.679,E
286,T,0.668,E
287,F,0.663,E
288,P,0.661,E
289,D,0.660,E
290,V,0.641,E
291,M,0.633,E
292,M,0.633,E
293,N,0.605,E
294,S,0.570,E
295,Y,0.546,E
296,L,0.507,E
297,G,0.476,.
298,F,0.445,.
299,S,0.418,.
300,L,0.400,.
301,D,0.385,.
302,S,0.386,.
303,G,0.398,.
304,K,0.417,.
305,G,0.444,.
306,I,0.462,.
307,V,0.471,.
308,S,0.485,.
309,K,0.471,.
310,D,0.453,.
311,E,0.434,.
312,I,0.414,.
313,T,0.379,.
314,F,0.354,.
315,V,0.344,.
316,S,0.353,.
317,G,0.370,.
318,A,0.414,.
319,P,0.451,.
320,R,0.481,.
321,A,0.496,.
322,N,0.507,E
323,H,0.498,.
324,S,0.483,.
325,G,0.454,.
326,A,0.412,.
327,V,0.374,.
328,V,0.367,.
329,L,0.374,.
330,L,0.400,.
331,K,0.436,.
332,R,0.470,.
333,D,0.499,.
334,M,0.526,E
335,K,0.566,E
336,S,0.577,E
337,A,0.574,E
338,H,0.559,E
339,L,0.547,E
340,L,0.526,E
341,P,0.506,E
342,E,0.514,E
343,H,0.524,E
344,I,0.533,E
345,F,0.556,E
346,D,0.570,E
347,G,0.592,E
348,E,0.592,E
349,G,0.600,E
350,L,0.615,E
351,A,0.595,E
352,S,0.566,E
353,S,0.540,E
354,F,0.503,E
355,G,0.470,.
356,Y,0.424,.
357,D,0.379,.
358,V,0.345,.
359,A,0.310,.
360,V,0.311,.
361,V,0.335,.
362,D,0.353,.
363,L,0.370,.
364,N,0.387,.
365,K,0.411,.
366,D,0.434,.
367,G,0.438,.
368,W,0.445,.
369,Q,0.421,.
370,D,0.391,.
371,I,0.358,.
372,V,0.356,.
373,I,0.354,.
374,G,0.360,.
375,A,0.378,.
376,P,0.414,.
377,Q,0.456,.
378,Y,0.501,E
379,F,0.543,E
380,D,0.588,E
381,R,0.598,E
382,D,0.599,E
383,G,0.586,E
384,E,0.572,E
385,V,0.530,E
386,G,0.486,.
387,G,0.432,.
388,A,0.390,.
389,V,0.350,.
390,Y,0.337,.
391,V,0.352,.
392,Y,0.383,.
393,M,0.407,.
394,N,0.453,.
395,Q,0.485,.
396,Q,0.534,E
397,G,0.562,E
398,R,0.583,E
399,W,0.597,E
400,N,0.589,E
401,N,0.577,E
402,V,0.579,E
403,K,0.559,E
404,P,0.571,E
405,I,0.572,E
406,R,0.585,E
407,L,0.600,E
408,N,0.612,E
409,G,0.617,E
410,T,0.620,E
411,K,0.601,E
412,D,0.594,E
413,S,0.560,E
414,M,0.533,E
415,F,0.495,.
416,G,0.455,.
417,I,0.421,.
418,A,0.386,.
419,V,0.347,.
420,K,0.335,.
421,N,0.315,.
422,I,0.323,.
423,G,0.341,.
424,D,0.374,.
425,I,0.392,.
426,N,0.404,.
427,Q,0.422,.
428,D,0.444,.
429,G,0.441,.
430,Y,0.440,.
431,P,0.412,.
432,D,0.380,.
433,I,0.351,.
434,A,0.351,.
435,V,0.360,.
436,G,0.366,.
437,A,0.373,.
438,P,0.389,.
439,Y,0.402,.
440,D,0.413,.
441,D,0.412,.
442,L,0.403,.
443,G,0.375,.
444,K,0.345,.
445,V,0.332,.
446,F,0.327,.
447,I,0.335,.
448,Y,0.353,.
449,H,0.398,.
450,G,0.433,.
451,S,0.468,.
452,A,0.518,E
453,N,0.558,E
454,G,0.596,E
455,I,0.613,E
456,N,0.624,E
457,T,0.636,E
458,K,0.625,E
459,P,0.620,E
460,T,0.636,E
461,Q,0.628,E
462,V,0.623,E
463,L,0.618,E
464,K,0.616,E
465,G,0.608,E
466,I,0.598,E
467,S,0.582,E
468,P,0.569,E
469,Y,0.535,E
470,F,0.511,E
471,G,0.472,.
472,Y,0.429,.
473,S,0.393,.
474,I,0.362,.
475,A,0.346,.
476,G,0.337,.
477,N,0.344,.
478,M,0.359,.
479,D,0.381,.
480,L,0.396,.
481,D,0.411,.
482,R,0.429,.
483,N,0.433,.
484,S,0.416,.
485,Y,0.411,.
486,P,0.387,.
487,D,0.357,.
488,V,0.339,.
489,A,0.355,.
490,V,0.367,.
491,G,0.373,.
492,S,0.389,.
493,L,0.396,.
494,S,0.399,.
495,D,0.396,.
496,S,0.396,.
497,V,0.394,.
498,T,0.380,.
499,I,0.387,.
500,F,0.396,.
501,R,0.407,.
502,S,0.433,.
503,R,0.458,.
504,P,0.490,.
505,V,0.524,E
506,I,0.542,E
507,N,0.546,E
508,I,0.537,E
509,Q,0.528,E
510,K,0.512,E
511,T,0.511,E
512,I,0.514,E
513,T,0.520,E
514,V,0.528,E
515,T,0.519,E
516,P,0.530,E
517,N,0.532,E
518,R,0.556,E
519,I,0.580,E
520,D,0.590,E
521,L,0.587,E
522,R,0.581,E
523,Q,0.569,E
524,K,0.587,E
525,T,0.585,E
526,A,0.589,E
527,C,0.567,E
528,G,0.545,E
529,A,0.525,E
530,P,0.507,E
531,S,0.492,.
532,G,0.475,.
533,I,0.438,.
534,C,0.430,.
535,L,0.400,.
536,Q,0.379,.
537,V,0.365,.
538,K,0.352,.
539,S,0.351,.
540,C,0.367,.
541,F,0.380,.
542,E,0.418,.
543,Y,0.442,.
544,T,0.480,.
545,A,0.512,E
546,N,0.540,E
547,P,0.564,E
548,A,0.579,E
549,G,0.581,E
550,Y,0.558,E
551,N,0.531,E
552,P,0.487,.
553,S,0.452,.
554,I,0.416,.
555,S,0.387,.
556,I,0.353,.
557,V,0.348,.
558,G,0.329,.
559,T,0.351,.
560,L,0.373,.
561,E,0.415,.
562,A,0.460,.
563,E,0.514,E
564,K,0.563,E
565,E,0.621,E
566,R,0.634,E
567,R,0.657,E
568,K,0.659,E
569,S,0.650,E
570,G,0.635,E
571,L,0.584,E
572,S,0.543,E
573,S,0.485,.
574,R,0.460,.
575,V,0.453,.
576,Q,0.458,.
577,F,0.461,.
578,R,0.469,.
579,N,0.481,.
580,Q,0.509,E
581,G,0.532,E
582,S,0.571,E
583,E,0.558,E
584,P,0.554,E
585,K,0.531,E
586,Y,0.517,E
587,T,0.506,E
588,Q,0.477,.
589,E,0.476,.
590,L,0.477,.
591,T,0.483,.
592,L,0.497,.
593,K,0.503,E
594,R,0.516,E
595,Q,0.523,E
596,K,0.513,E
597,Q,0.526,E
598,K,0.513,E
599,V,0.491,.
600,C,0.469,.
601,M,0.439,.
602,E,0.424,.
603,E,0.398,.
604,T,0.393,.
605,L,0.418,.
606,W,0.432,.
607,L,0.442,.
608,Q,0.466,.
609,D,0.483,.
610,N,0.516,E
611,I,0.514,E
612,R,0.546,E
613,D,0.551,E
614,K,0.525,E
615,L,0.511,E
616,R,0.482,.
617,P,0.453,.
618,I,0.415,.
619,P,0.392,.
620,I,0.385,.
621,T,0.365,.
622,A,0.336,.
623,S,0.356,.
624,V,0.372,.
625,E,0.411,.
626,I,0.440,.
627,Q,0.480,.
628,E,0.524,E
629,P,0.570,E
630,S,0.601,E
631,S,0.633,E
632,R,0.655,E
633,R,0.653,E
634,R,0.641,E
635,V,0.644,E
636,N,0.632,E
637,S,0.604,E
638,L,0.574,E
639,P,0.559,E
640,E,0.539,E
641,V,0.501,E
642,L,0.493,.
643,P,0.503,E
644,I,0.504,E
645,L,0.524,E
646,N,0.542,E
647,S,0.550,E
648,D,0.552,E
649,E,0.566,E
650,P,0.571,E
651,K,0.564,E
652,T,0.549,E
653,A,0.521,E
654,H,0.504,E
655,I,0.480,.
656,D,0.468,.
657,V,0.468,.
658,H,0.489,.
659,F,0.503,E
660,L,0.510,E
661,K,0.529,E
662,E,0.547,E
663,G,0.548,E
664,C,0.559,E
665,G,0.571,E
666,D,0.554,E
667,D,0.536,E
668,N,0.518,E
669,V,0.507,E
670,C,0.474,.
671,N,0.465,.
672,S,0.441,.
673,N,0.427,.
674,L,0.407,.
675,K,0.415,.
676,L,0.409,.
677,E,0.417,.
678,Y,0.435,.
679,K,0.473,.
680,F,0.489,.
681,C,0.521,E
682,T,0.546,E
683,R,0.578,E
684,E,0.600,E
685,G,0.627,E
686,N,0.642,E
687,Q,0.651,E
688,D,0.648,E
689,K,0.645,E
690,F,0.643,E
691,S,0.638,E
692,Y,0.632,E
693,L,0.627,E
694,P,0.615,E
695,I,0.602,E
696,Q,0.584,E
697,K,0.567,E
698,G,0.541,E
699,V,0.523,E
700,P,0.495,.
701,E,0.485,.
702,L,0.476,.
703,V,0.470,.
704,L,0.472,.
705,K,0.477,.
706,D,0.456,.
707,Q,0.460,.
708,K,0.435,.
709,D,0.430,.
710,I,0.395,.
711,A,0.371,.
712,L,0.327,.
713,E,0.313,.
714,I,0.286,.
715,T,0.304,.
716,V,0.318,.
717,T,0.359,.
718,N,0.407,.
719,S,0.460,.
720,P,0.507,E
721,S,0.563,E
722,N,0.601,E
723,P,0.645,E
724,R,0.673,E
725,N,0.687,E
726,P,0.686,E
727,T,0.675,E
728,K,0.662,E
729,D,0.634,E
730,G,0.614,E
731,D,0.587,E
732,D,0.545,E
733,A,0.514,E
734,H,0.469,.
735,E,0.445,.
736,A,0.406,.
737,K,0.382,.
738,L,0.363,.
739,I,0.363,.
740,A,0.369,.
741,T,0.392,.
742,F,0.391,.
743,P,0.427,.
744,D,0.442,.
745,T,0.469,.
746,L,0.482,.
747,T,0.500,.
748,Y,0.511,E
749,S,0.524,E
750,A,0.534,E
751,Y,0.568,E
752,R,0.580,E
753,E,0.602,E
754,L,0.618,E
755,R,0.630,E
756,A,0.634,E
757,F,0.638,E
758,P,0.608,E
759,E,0.604,E
760,K,0.549,E
761,Q,0.524,E
762,L,0.511,E
763,S,0.507,E
764,C,0.515,E
765,V,0.530,E
766,A,0.520,E
767,N,0.540,E
768,Q,0.536,E
769,N,0.552,E
770,G,0.555,E
771,S,0.518,E
772,Q,0.502,E
773,A,0.469,.
774,D,0.454,.
775,C,0.458,.
776,E,0.454,.
777,L,0.455,.
778,G,0.490,.
779,N,0.510,E
780,P,0.545,E
781,F,0.548,E
782,K,0.555,E
783,R,0.531,E
784,N,0.511,E
785,S,0.476,.
786,N,0.454,.
787,V,0.399,.
788,T,0.365,.
789,F,0.331,.
790,Y,0.325,.
791,L,0.325,.
792,V,0.346,.
793,L,0.375,.
794,S,0.416,.
795,T,0.441,.
796,T,0.485,.
797,E,0.511,E
798,V,0.536,E
799,T,0.545,E
800,F,0.553,E
801,D,0.527,E
802,T,0.507,E
803,P,0.474,.
804,D,0.442,.
805,L,0.399,.
806,D,0.369,.
807,I,0.335,.
808,N,0.323,.
809,L,0.296,.
810,K,0.320,.
811,L,0.327,.
812,E,0.367,.
813,T,0.407,.
814,T,0.456,.
815,S,0.495,.
816,N,0.544,E
817,Q,0.564,E
818,D,0.593,E
819,N,0.593,E
820,L,0.579,E
821,A,0.553,E
822,P,0.522,E
823,I,0.492,.
824,T,0.457,.
825,A,0.427,.
826,K,0.407,.
827,A,0.395,.
828,K,0.376,.
829,V,0.368,.
830,V,0.363,.
831,I,0.353,.
832,E,0.346,.
833,L,0.347,.
834,L,0.349,.
835,L,0.351,.
836,S,0.353,.
837,V,0.373,.
838,S,0.401,.
839,G,0.414,.
840,V,0.428,.
841,A,0.443,.
842,K,0.437,.
843,P,0.453,.
844,S,0.442,.
845,Q,0.445,.
846,V,0.458,.
847,Y,0.459,.
848,F,0.471,.
849,G,0.494,.
850,G,0.508,E
851,T,0.545,E
852,V,0.560,E
853,V,0.592,E
854,G,0.602,E
855,E,0.601,E
856,Q,0.595,E
857,A,0.593,E
858,M,0.594,E
859,K,0.598,E
860,S,0.582,E
861,E,0.564,E
862,D,0.554,E
863,E,0.544,E
864,V,0.521,E
865,G,0.514,E
866,S,0.495,.
867,L,0.469,.
868,I,0.434,.
869,E,0.417,.
870,Y,0.394,.
871,E,0.389,.
872,F,0.384,.
873,R,0.400,.
874,V,0.409,.
875,I,0.436,.
876,N,0.459,.
877,L,0.500,E
878,G,0.531,E
879,K,0.567,E
880,P,0.566,E
881,L,0.580,E
882,T,0.579,E
883,N,0.559,E
884,L,0.535,E
885,G,0.492,.
886,T,0.455,.
887,A,0.415,.
888,T,0.399,.
889,L,0.391,.
890,N,0.380,.
891,I,0.374,.
892,Q,0.382,.
893,W,0.381,.
894,P,0.416,.
895,K,0.445,.
896,E,0.470,.
897,I,0.479,.
898,S,0.489,.
899,N,0.475,.
900,G,0.454,.
901,K,0.445,.
902,W,0.430,.
903,L,0.417,.
904,L,0.391,.
905,Y,0.375,.
906,L,0.363,.
907,V,0.356,.
908,K,0.386,.
909,V,0.416,.
910,E,0.437,.
911,S,0.469,.
912,K,0.482,.
913,G,0.488,.
914,L,0.494,.
915,E,0.479,.
916,K,0.489,.
917,V,0.477,.
918,T,0.487,.
919,C,0.501,E
920,E,0.509,E
921,P,0.512,E
922,Q,0.536,E
923,K,0.557,E
924,E,0.588,E
925,I,0.607,E
926,N,0.599,E
927,S,0.592,E
928,L,0.590,E
929,N,0.579,E
930,L,0.585,E
931,T,0.585,E
932,E,0.587,E
933,S,0.599,E
934,H,0.603,E
935,N,0.630,E
936,S,0.647,E
937,R,0.648,E
938,K,0.661,E
939,K,0.666,E
940,R,0.673,E
941,E,0.682,E
942,I,0.678,E
943,T,0.666,E
944,E,0.658,E
945,K,0.643,E
946,Q,0.636,E
947,I,0.636,E
948,D,0.635,E
949,D,0.620,E
950,N,0.616,E
951,R,0.611,E
952,K,0.615,E
953,F,0.608,E
954,S,0.611,E
955,L,0.619,E
956,F,0.613,E
957,A,0.600,E
958,E,0.602,E
959,R,0.584,E
960,K,0.555,E
961,Y,0.542,E
962,Q,0.520,E
963,T,0.521,E
964,L,0.508,E
965,N,0.506,E
966,C,0.494,.
967,S,0.488,.
968,V,0.475,.
969,N,0.484,.
970,V,0.479,.
971,N,0.471,.
972,C,0.452,.
973,V,0.413,.
974,N,0.395,.
975,I,0.388,.
976,R,0.395,.
977,C,0.415,.
978,P,0.419,.
979,L,0.428,.
980,R,0.462,.
981,G,0.479,.
982,L,0.509,E
983,D,0.510,E
984,S,0.495,.
985,K,0.471,.
986,A,0.432,.
987,S,0.425,.
988,L,0.394,.
989,I,0.374,.
990,L,0.332,.
991,R,0.325,.
992,S,0.315,.
993,R,0.339,.
994,L,0.359,.
995,W,0.386,.
996,N,0.396,.
997,S,0.436,.
998,T,0.457,.
999,F,0.492,.
1000,L,0.521,E
1001,E,0.542,E
1002,E,0.552,E
1003,Y,0.559,E
1004,S,0.566,E
1005,K,0.548,E
1006,L,0.520,E
1007,N,0.483,.
1008,Y,0.469,.
1009,L,0.427,.
1010,D,0.405,.
1011,I,0.376,.
1012,L,0.353,.
1013,M,0.322,.
1014,R,0.325,.
1015,A,0.316,.
1016,F,0.351,.
1017,I,0.367,.
1018,D,0.395,.
1019,V,0.420,.
1020,T,0.461,.
1021,A,0.483,.
1022,A,0.524,E
1023,A,0.562,E
1024,E,0.580,E
1025,N,0.591,E
1026,I,0.600,E
1027,R,0.599,E
1028,L,0.599,E
1029,P,0.581,E
1030,N,0.567,E
1031,A,0.533,E
1032,G,0.498,.
1033,T,0.471,.
1034,Q,0.434,.
1035,V,0.386,.
1036,R,0.368,.
1037,V,0.350,.
1038,T,0.350,.
1039,V,0.368,.
1040,F,0.400,.
1041,P,0.429,.
1042,S,0.486,.
1043,K,0.526,E
1044,T,0.561,E
1045,V,0.589,E
1046,A,0.605,E
1047,Q,0.606,E
1048,Y,0.590,E
1049,S,0.577,E
1050,G,0.552,E
1051,V,0.503,E
1052,P,0.451,.
1053,W,0.412,.
1054,W,0.361,.
1055,I,0.319,.
1056,I,0.287,.
1057,L,0.257,.
1058,V,0.227,.
1059,A,0.200,.
1060,I,0.193,.
1061,L,0.196,.
1062,A,0.199,.
1063,G,0.198,.
1064,I,0.192,.
1065,L,0.183,.
1066,M,0.176,.
1067,L,0.176,.
1068,A,0.184,.
1069,L,0.186,.
1070,L,0.176,.
1071,V,0.186,.
1072,F,0.205,.
1073,I,0.228,.
1074,L,0.265,.
1075,W,0.295,.
1076,K,0.331,.
1077,C,0.368,.
1078,G,0.409,.
1079,F,0.458,.
1080,F,0.495,.
1081,K,0.525,E
1082,R,0.565,E
1083,S,0.580,E
1084,R,0.599,E
1085,Y,0.606,E
1086,D,0.603,E
1087,D,0.604,E
1088,S,0.598,E
1089,V,0.593,E
1090,P,0.591,E
1091,R,0.573,E
1092,Y,0.573,E
1093,H,0.569,E
1094,A,0.572,E
1095,V,0.570,E
1096,R,0.574,E
1097,I,0.581,E
1098,R,0.590,E
1099,K,0.601,E
1100,E,0.611,E
1101,E,0.608,E
1102,R,0.610,E
1103,E,0.611,E
1104,I,0.617,E
1105,K,0.607,E
1106,D,0.596,E
1107,E,0.580,E
1108,K,0.563,E
1109,Y,0.551,E
1110,I,0.557,E
1111,D,0.564,E
1112,N,0.568,E
1113,L,0.577,E
1114,E,0.579,E
1115,K,0.589,E
1116,K,0.603,E
1117,Q,0.618,E
1118,W,0.623,E
1119,I,0.631,E
1120,T,0.623,E
1121,K,0.616,E
1122,W,0.617,E
1123,N,0.622,E
1124,E,0.617,E
1125,N,0.610,E
1126,E,0.536,E
1127,S,0.473,.
1128,Y,0.398,.
1129,S,0.337,.
